{
  "episodes": 1000,
  "seeds": [
    42,
    123,
    777
  ],
  "mean_final_reward": 1.875,
  "std_final_reward": 0.03402069087198856,
  "q_table": [
    [
      [
        0.0,
        0.0
      ],
      [
        0.0,
        0.0
      ]
    ],
    [
      [
        0.0,
        0.0
      ],
      [
        0.0,
        0.0
      ]
    ],
    [
      [
        0.0,
        0.0
      ],
      [
        0.0,
        0.0
      ]
    ],
    [
      [
        0.0,
        0.0
      ],
      [
        0.0,
        0.0
      ]
    ],
    [
      [
        0.0,
        0.0
      ],
      [
        0.0,
        0.0
      ]
    ],
    [
      [
        0.0,
        0.0
      ],
      [
        2.814112663269043,
        0.0
      ]
    ],
    [
      [
        0.0,
        0.0
      ],
      [
        2.9274649620056152,
        0.0
      ]
    ],
    [
      [
        0.0,
        0.0
      ],
      [
        1.543835163116455,
        1.1432141065597534
      ]
    ],
    [
      [
        0.0,
        0.0
      ],
      [
        1.5736833810806274,
        1.2801374197006226
      ]
    ],
    [
      [
        1.6328686475753784,
        0.0
      ],
      [
        14.805278778076172,
        18.280868530273438
      ]
    ]
  ]
}