{
  "model_name": "mobilenetv3",
  "best_epoch": 3,
  "best_val_loss": 0.05023759936544199,
  "train_losses": [
    0.3321530030838387,
    0.06288571680243853,
    0.040763696470705844
  ],
  "val_losses": [
    0.13698342233204963,
    0.08821054999284524,
    0.05023759936544199
  ],
  "val_accs": [
    95.92891760904685,
    96.80129240710824,
    98.35218093699515
  ],
  "val_macro_f1s": [
    0.9553155892888938,
    0.9577056539758416,
    0.9839081972003976
  ]
}