{
  "model_name": "mobilenetv3",
  "best_epoch": 12,
  "best_val_loss": 0.031758772974790565,
  "train_losses": [
    0.3321530030838387,
    0.06288571680243853,
    0.040763696470705844,
    0.021575576020056997,
    0.0237850337422559,
    0.02355031797220862,
    0.01430160311393146,
    0.019862484818729004,
    0.013491838386270284,
    0.016398842327470874,
    0.017521001088421667,
    0.012466805280149276
  ],
  "val_losses": [
    0.13698342233204963,
    0.08821054999284524,
    0.05023759936544199,
    0.07170634278091458,
    0.04636693250246288,
    0.068054000652466,
    0.062490534360756675,
    0.05486166585521375,
    0.03776612617231464,
    0.05355217843466515,
    0.0325934794677778,
    0.031758772974790565
  ],
  "val_accs": [
    95.92891760904685,
    96.80129240710824,
    98.35218093699515,
    98.06138933764136,
    98.64297253634895,
    98.22294022617125,
    98.22294022617125,
    98.2875605815832,
    99.25686591276252,
    98.61066235864297,
    99.22455573505654,
    99.32148626817448
  ],
  "val_macro_f1s": [
    0.9553155892888938,
    0.9577056539758416,
    0.9839081972003976,
    0.9810474500284172,
    0.9854527309428557,
    0.9832827750464337,
    0.9826887704897177,
    0.9841626380485605,
    0.9926599601664693,
    0.9864400029440236,
    0.9930030081237086,
    0.9918718146648667
  ]
}