{
  "accuracy": 68.27140549273021,
  "macro_f1": 0.6405644785878589,
  "max_train_samples": 6000
}