{
  "model_name": "scratch",
  "best_epoch": 3,
  "best_val_loss": 0.26675246974702965,
  "train_losses": [
    1.058723247354537,
    0.47758850709131334,
    0.3145879792807772,
    0.21024990693534173,
    0.15649912659330212
  ],
  "val_losses": [
    0.5871045687763962,
    0.4041724232668729,
    0.26675246974702965,
    0.27529843206296567,
    0.3040719176306553
  ],
  "val_accs": [
    80.7108239095315,
    86.04200323101777,
    91.92245557350566,
    92.21324717285945,
    91.24394184168013
  ],
  "val_macro_f1s": [
    0.7274576293549649,
    0.826466603789207,
    0.900909198413467,
    0.9160564503297789,
    0.8950178347967855
  ]
}